-- phpMyAdmin SQL Dump
-- version 5.1.3
-- https://www.phpmyadmin.net/
--
-- Host: localhost
-- Generation Time: Apr 13, 2022 at 03:00 PM
-- Server version: 10.4.24-MariaDB
-- PHP Version: 7.4.28

SET SQL_MODE = "NO_AUTO_VALUE_ON_ZERO";
START TRANSACTION;
SET time_zone = "+00:00";


/*!40101 SET @OLD_CHARACTER_SET_CLIENT=@@CHARACTER_SET_CLIENT */;
/*!40101 SET @OLD_CHARACTER_SET_RESULTS=@@CHARACTER_SET_RESULTS */;
/*!40101 SET @OLD_COLLATION_CONNECTION=@@COLLATION_CONNECTION */;
/*!40101 SET NAMES utf8mb4 */;

--
-- Database: `pencatatan_penduduk`
--

-- --------------------------------------------------------

--
-- Table structure for table `ci_sessions`
--

CREATE TABLE `ci_sessions` (
  `id` varchar(40) NOT NULL DEFAULT '0',
  `ip_address` varchar(45) NOT NULL DEFAULT '0',
  `timestamp` int(10) UNSIGNED DEFAULT NULL,
  `data` blob NOT NULL
) ENGINE=InnoDB DEFAULT CHARSET=latin1;

--
-- Dumping data for table `ci_sessions`
--

INSERT INTO `ci_sessions` (`id`, `ip_address`, `timestamp`, `data`) VALUES
('pm52tcsq6gfhs3a5re39vh3bjlnhfdm2', '::1', 1649764444, 0x5f5f63695f6c6173745f726567656e65726174657c693a313634393736343433303b73657373696f6e5f6c706f7772745f7573657269647c733a33323a223862666131386130646438303438323561386666646132636138303366303538223b73657373696f6e5f6c706f7772745f756e616d657c733a363a2261646d696e69223b73657373696f6e5f6c706f7772745f6465736b72697073697c733a303a22223b73657373696f6e5f6c706f7772745f6e616d617c733a31333a2241444d494e4953545241544f52223b73657373696f6e5f6c706f7772745f6c6f676765645f696e7c623a313b),
('l8h5ok3v8ls8ac9hlircpod1vaq6qhac', '::1', 1649816255, 0x5f5f63695f6c6173745f726567656e65726174657c693a313634393831363235353b73657373696f6e5f6c706f7772745f7573657269647c733a33323a223862666131386130646438303438323561386666646132636138303366303538223b73657373696f6e5f6c706f7772745f756e616d657c733a363a2261646d696e69223b73657373696f6e5f6c706f7772745f6465736b72697073697c733a303a22223b73657373696f6e5f6c706f7772745f6e616d617c733a31333a2241444d494e4953545241544f52223b73657373696f6e5f6c706f7772745f6c6f676765645f696e7c623a313b),
('1b3vq9kuop9p9nid37644an4er0b3o39', '::1', 1649819835, 0x5f5f63695f6c6173745f726567656e65726174657c693a313634393831393833353b73657373696f6e5f6c706f7772745f7573657269647c733a33323a223862666131386130646438303438323561386666646132636138303366303538223b73657373696f6e5f6c706f7772745f756e616d657c733a363a2261646d696e69223b73657373696f6e5f6c706f7772745f6465736b72697073697c733a303a22223b73657373696f6e5f6c706f7772745f6e616d617c733a31333a2241444d494e4953545241544f52223b73657373696f6e5f6c706f7772745f6c6f676765645f696e7c623a313b),
('292jl8gtula2enjs1dd5198tee93amt3', '::1', 1649820254, 0x5f5f63695f6c6173745f726567656e65726174657c693a313634393832303235343b73657373696f6e5f6c706f7772745f7573657269647c733a33323a223862666131386130646438303438323561386666646132636138303366303538223b73657373696f6e5f6c706f7772745f756e616d657c733a363a2261646d696e69223b73657373696f6e5f6c706f7772745f6465736b72697073697c733a303a22223b73657373696f6e5f6c706f7772745f6e616d617c733a31333a2241444d494e4953545241544f52223b73657373696f6e5f6c706f7772745f6c6f676765645f696e7c623a313b),
('c3n8rl9kf3hv636mlo137ego8mdc6qep', '::1', 1649819997, 0x5f5f63695f6c6173745f726567656e65726174657c693a313634393831393939373b),
('dd68qivvj6rnauq1lpfuqh8li16scojj', '::1', 1649823609, 0x5f5f63695f6c6173745f726567656e65726174657c693a313634393832333630393b),
('pu3jimaaq6um2bjdn8hdqq807pi8edb2', '::1', 1649821099, 0x5f5f63695f6c6173745f726567656e65726174657c693a313634393832313039393b73657373696f6e5f6c706f7772745f7573657269647c733a33323a223862666131386130646438303438323561386666646132636138303366303538223b73657373696f6e5f6c706f7772745f756e616d657c733a363a2261646d696e69223b73657373696f6e5f6c706f7772745f6465736b72697073697c733a303a22223b73657373696f6e5f6c706f7772745f6e616d617c733a31333a2241444d494e4953545241544f52223b73657373696f6e5f6c706f7772745f6c6f676765645f696e7c623a313b),
('ra6mfvn18p2omsncegmgkpghjrap123g', '::1', 1649821825, 0x5f5f63695f6c6173745f726567656e65726174657c693a313634393832313832353b73657373696f6e5f6c706f7772745f7573657269647c733a33323a223862666131386130646438303438323561386666646132636138303366303538223b73657373696f6e5f6c706f7772745f756e616d657c733a363a2261646d696e69223b73657373696f6e5f6c706f7772745f6465736b72697073697c733a303a22223b73657373696f6e5f6c706f7772745f6e616d617c733a31333a2241444d494e4953545241544f52223b73657373696f6e5f6c706f7772745f6c6f676765645f696e7c623a313b),
('1h9ka4pafkbo03ahmoik9j58g6p8dskl', '::1', 1649822149, 0x5f5f63695f6c6173745f726567656e65726174657c693a313634393832323134393b73657373696f6e5f6c706f7772745f7573657269647c733a33323a223862666131386130646438303438323561386666646132636138303366303538223b73657373696f6e5f6c706f7772745f756e616d657c733a363a2261646d696e69223b73657373696f6e5f6c706f7772745f6465736b72697073697c733a303a22223b73657373696f6e5f6c706f7772745f6e616d617c733a31333a2241444d494e4953545241544f52223b73657373696f6e5f6c706f7772745f6c6f676765645f696e7c623a313b),
('uiubkb2908fpvt6hg4f9k3ojkrioegc1', '::1', 1649821841, 0x5f5f63695f6c6173745f726567656e65726174657c693a313634393832313834313b),
('b0bcebggq3gppnf2enqk9ip0rdijb1rp', '::1', 1649823793, 0x5f5f63695f6c6173745f726567656e65726174657c693a313634393832333739333b73657373696f6e5f6c706f7772745f7573657269647c733a33323a223862666131386130646438303438323561386666646132636138303366303538223b73657373696f6e5f6c706f7772745f756e616d657c733a363a2261646d696e69223b73657373696f6e5f6c706f7772745f6465736b72697073697c733a303a22223b73657373696f6e5f6c706f7772745f6e616d617c733a31333a2241444d494e4953545241544f52223b73657373696f6e5f6c706f7772745f6c6f676765645f696e7c623a313b),
('cadqamsjrim9jrs0auebbl03bv3636ei', '::1', 1649823397, 0x5f5f63695f6c6173745f726567656e65726174657c693a313634393832333339353b73657373696f6e5f6c706f7772745f7573657269647c733a33323a223862666131386130646438303438323561386666646132636138303366303538223b73657373696f6e5f6c706f7772745f756e616d657c733a363a2261646d696e69223b73657373696f6e5f6c706f7772745f6465736b72697073697c733a303a22223b73657373696f6e5f6c706f7772745f6e616d617c733a31333a2241444d494e4953545241544f52223b73657373696f6e5f6c706f7772745f6c6f676765645f696e7c623a313b),
('ml9uav9s3drbrgao7ih0403cvnk6jk6s', '::1', 1649824137, 0x5f5f63695f6c6173745f726567656e65726174657c693a313634393832343133373b),
('unqec1p4bka20uerh282q2r50vg5vnve', '::1', 1649824134, 0x5f5f63695f6c6173745f726567656e65726174657c693a313634393832343133343b73657373696f6e5f6c706f7772745f7573657269647c733a33323a223862666131386130646438303438323561386666646132636138303366303538223b73657373696f6e5f6c706f7772745f756e616d657c733a363a2261646d696e69223b73657373696f6e5f6c706f7772745f6465736b72697073697c733a303a22223b73657373696f6e5f6c706f7772745f6e616d617c733a31333a2241444d494e4953545241544f52223b73657373696f6e5f6c706f7772745f6c6f676765645f696e7c623a313b),
('il7ih2o2nhb2jan8reur7nqqjp34clfs', '::1', 1649825606, 0x5f5f63695f6c6173745f726567656e65726174657c693a313634393832353630363b73657373696f6e5f6c706f7772745f7573657269647c733a33323a223862666131386130646438303438323561386666646132636138303366303538223b73657373696f6e5f6c706f7772745f756e616d657c733a363a2261646d696e69223b73657373696f6e5f6c706f7772745f6465736b72697073697c733a303a22223b73657373696f6e5f6c706f7772745f6e616d617c733a31333a2241444d494e4953545241544f52223b73657373696f6e5f6c706f7772745f6c6f676765645f696e7c623a313b),
('9fboobl6mqde39l3qafone6ha11kg8ih', '::1', 1649824466, 0x5f5f63695f6c6173745f726567656e65726174657c693a313634393832343436363b),
('2ev3c4t0okivd6pk4lgu38a8210vk0s9', '::1', 1649824202, 0x5f5f63695f6c6173745f726567656e65726174657c693a313634393832343230323b),
('4grlu55qgsv4l6io5rqic6notndlq2eq', '::1', 1649825062, 0x5f5f63695f6c6173745f726567656e65726174657c693a313634393832353036323b),
('kk2mv56aaguj31ltrj3o6dg3rj8u915o', '::1', 1649825586, 0x5f5f63695f6c6173745f726567656e65726174657c693a313634393832353538363b),
('ge3hae3ht9936rdckfotphd3ktudeems', '::1', 1649825906, 0x5f5f63695f6c6173745f726567656e65726174657c693a313634393832353930363b),
('uui4dt32j4ffbgagmepksuhbl1euvo4c', '::1', 1649827238, 0x5f5f63695f6c6173745f726567656e65726174657c693a313634393832373233383b73657373696f6e5f6c706f7772745f7573657269647c733a33323a223862666131386130646438303438323561386666646132636138303366303538223b73657373696f6e5f6c706f7772745f756e616d657c733a363a2261646d696e69223b73657373696f6e5f6c706f7772745f6465736b72697073697c733a303a22223b73657373696f6e5f6c706f7772745f6e616d617c733a31333a2241444d494e4953545241544f52223b73657373696f6e5f6c706f7772745f6c6f676765645f696e7c623a313b),
('398uss1esk9kkoon748s8ad859i9njgr', '::1', 1649826867, 0x5f5f63695f6c6173745f726567656e65726174657c693a313634393832363836373b),
('0i4djdvmtvo6lm2rdos9il5243kj15dc', '::1', 1649827212, 0x5f5f63695f6c6173745f726567656e65726174657c693a313634393832373231323b),
('rp3h35kqnnr7451qliquid4rhho50d7k', '::1', 1649827351, 0x5f5f63695f6c6173745f726567656e65726174657c693a313634393832373231323b),
('832iu39nmu8d5jnptn4d6qhbqg0iec65', '::1', 1649827692, 0x5f5f63695f6c6173745f726567656e65726174657c693a313634393832373639323b73657373696f6e5f6c706f7772745f7573657269647c733a33323a223862666131386130646438303438323561386666646132636138303366303538223b73657373696f6e5f6c706f7772745f756e616d657c733a363a2261646d696e69223b73657373696f6e5f6c706f7772745f6465736b72697073697c733a303a22223b73657373696f6e5f6c706f7772745f6e616d617c733a31333a2241444d494e4953545241544f52223b73657373696f6e5f6c706f7772745f6c6f676765645f696e7c623a313b),
('opgohjtee63881vto2654de0ivgib19l', '::1', 1649828380, 0x5f5f63695f6c6173745f726567656e65726174657c693a313634393832383338303b73657373696f6e5f6c706f7772745f7573657269647c733a33323a223862666131386130646438303438323561386666646132636138303366303538223b73657373696f6e5f6c706f7772745f756e616d657c733a363a2261646d696e69223b73657373696f6e5f6c706f7772745f6465736b72697073697c733a303a22223b73657373696f6e5f6c706f7772745f6e616d617c733a31333a2241444d494e4953545241544f52223b73657373696f6e5f6c706f7772745f6c6f676765645f696e7c623a313b),
('qru0g25kbjq0lhbpvj3mgrgolg0ajfkq', '::1', 1649828677, 0x5f5f63695f6c6173745f726567656e65726174657c693a313634393832383338303b73657373696f6e5f6c706f7772745f7573657269647c733a33323a223862666131386130646438303438323561386666646132636138303366303538223b73657373696f6e5f6c706f7772745f756e616d657c733a363a2261646d696e69223b73657373696f6e5f6c706f7772745f6465736b72697073697c733a303a22223b73657373696f6e5f6c706f7772745f6e616d617c733a31333a2241444d494e4953545241544f52223b73657373696f6e5f6c706f7772745f6c6f676765645f696e7c623a313b),
('th7og3gt1f99jnrh15hnobr4i2202v3t', '::1', 1649837073, 0x5f5f63695f6c6173745f726567656e65726174657c693a313634393833373037333b73657373696f6e5f6c706f7772745f7573657269647c733a33323a223862666131386130646438303438323561386666646132636138303366303538223b73657373696f6e5f6c706f7772745f756e616d657c733a363a2261646d696e69223b73657373696f6e5f6c706f7772745f6465736b72697073697c733a303a22223b73657373696f6e5f6c706f7772745f6e616d617c733a31333a2241444d494e4953545241544f52223b73657373696f6e5f6c706f7772745f6c6f676765645f696e7c623a313b),
('ibf9h6kj4eepb8ci8mp89636thge7gb0', '::1', 1649837098, 0x5f5f63695f6c6173745f726567656e65726174657c693a313634393833373037333b73657373696f6e5f6c706f7772745f7573657269647c733a33323a223862666131386130646438303438323561386666646132636138303366303538223b73657373696f6e5f6c706f7772745f756e616d657c733a363a2261646d696e69223b73657373696f6e5f6c706f7772745f6465736b72697073697c733a303a22223b73657373696f6e5f6c706f7772745f6e616d617c733a31333a2241444d494e4953545241544f52223b73657373696f6e5f6c706f7772745f6c6f676765645f696e7c623a313b),
('f669dfbc521b92b53c2fdd1122c1c1dfc1b69a65', '::1', 1649851339, 0x5f5f63695f6c6173745f726567656e65726174657c693a313634393835313333393b73657373696f6e5f6c706f7772745f7573657269647c733a33323a223862666131386130646438303438323561386666646132636138303366303538223b73657373696f6e5f6c706f7772745f756e616d657c733a363a2261646d696e69223b73657373696f6e5f6c706f7772745f6465736b72697073697c733a303a22223b73657373696f6e5f6c706f7772745f6e616d617c733a31333a2241444d494e4953545241544f52223b73657373696f6e5f6c706f7772745f6c6f676765645f696e7c623a313b),
('53b2a1a53cb1cc53f4248cc5c21ad4dd71b58f19', '::1', 1649854653, 0x5f5f63695f6c6173745f726567656e65726174657c693a313634393835343635333b73657373696f6e5f6c706f7772745f7573657269647c733a33323a223862666131386130646438303438323561386666646132636138303366303538223b73657373696f6e5f6c706f7772745f756e616d657c733a363a2261646d696e69223b73657373696f6e5f6c706f7772745f6465736b72697073697c733a303a22223b73657373696f6e5f6c706f7772745f6e616d617c733a31333a2241444d494e4953545241544f52223b73657373696f6e5f6c706f7772745f6c6f676765645f696e7c623a313b),
('b72139076e71a4a834e56ea7fc1b390ed18ceb58', '::1', 1649854790, 0x5f5f63695f6c6173745f726567656e65726174657c693a313634393835343635333b73657373696f6e5f6c706f7772745f7573657269647c733a33323a223862666131386130646438303438323561386666646132636138303366303538223b73657373696f6e5f6c706f7772745f756e616d657c733a363a2261646d696e69223b73657373696f6e5f6c706f7772745f6465736b72697073697c733a303a22223b73657373696f6e5f6c706f7772745f6e616d617c733a31333a2241444d494e4953545241544f52223b73657373696f6e5f6c706f7772745f6c6f676765645f696e7c623a313b);

-- --------------------------------------------------------

--
-- Table structure for table `loguser`
--

CREATE TABLE `loguser` (
  `logid` int(11) NOT NULL,
  `userid` varchar(32) DEFAULT NULL,
  `logdate` datetime DEFAULT NULL,
  `logact` varchar(11) DEFAULT NULL,
  `logip` varchar(15) NOT NULL,
  `logplatagent` varchar(300) NOT NULL
) ENGINE=InnoDB DEFAULT CHARSET=latin1;

--
-- Dumping data for table `loguser`
--

INSERT INTO `loguser` (`logid`, `userid`, `logdate`, `logact`, `logip`, `logplatagent`) VALUES
(1, '8bfa18a0dd804825a8ffda2ca803f058', '2022-04-12 18:54:00', 'login', '::1', '(Windows 10) Opera 85.0.4341.47'),
(2, '8bfa18a0dd804825a8ffda2ca803f058', '2022-04-13 08:59:29', 'login', '::1', '(Windows 10) Opera 85.0.4341.60'),
(3, '8bfa18a0dd804825a8ffda2ca803f058', '2022-04-13 11:16:45', 'login', '::1', '(Windows 10) Opera 85.0.4341.60'),
(4, '8bfa18a0dd804825a8ffda2ca803f058', '2022-04-13 14:59:44', 'login', '::1', '(Windows 10) Opera 85.0.4341.60'),
(5, '8bfa18a0dd804825a8ffda2ca803f058', '2022-04-13 18:51:48', 'login', '::1', '(Linux) Chrome 93.0.4577.82');

-- --------------------------------------------------------

--
-- Table structure for table `penduduk`
--

CREATE TABLE `penduduk` (
  `id` varchar(32) NOT NULL,
  `nik` char(16) NOT NULL,
  `no_kk` varchar(24) NOT NULL,
  `hub_dalam_kk` int(10) NOT NULL,
  `nama` varchar(128) NOT NULL,
  `tempat_lahir` varchar(32) NOT NULL,
  `tanggal_lahir` datetime NOT NULL,
  `agama` int(10) UNSIGNED NOT NULL,
  `is_laki` tinyint(4) NOT NULL COMMENT '1laki2,0perempuan',
  `pendidikan_dalamkk` int(10) UNSIGNED NOT NULL,
  `pekerjaan` int(10) UNSIGNED NOT NULL,
  `status_warga_negara` int(10) UNSIGNED NOT NULL,
  `nik_ayah` char(16) NOT NULL,
  `nama_ayah` varchar(128) NOT NULL,
  `nik_ibu` char(16) NOT NULL,
  `nama_ibu` varchar(128) NOT NULL,
  `id_kecamatan` char(7) CHARACTER SET utf8 COLLATE utf8_unicode_ci NOT NULL,
  `id_desa` char(10) CHARACTER SET utf8 COLLATE utf8_unicode_ci NOT NULL,
  `alamat` varchar(256) NOT NULL,
  `rt` tinyint(4) NOT NULL,
  `rw` tinyint(4) NOT NULL,
  `no_telepon` varchar(24) NOT NULL,
  `alamat_email` varchar(64) NOT NULL,
  `status_perkawinan` int(10) UNSIGNED NOT NULL,
  `no_akta_nikah` varchar(64) NOT NULL,
  `golongan_darah` int(11) NOT NULL,
  `gambar_profil` varchar(32) NOT NULL,
  `gambar_ktp` varchar(32) NOT NULL,
  `gambar_kk` varchar(32) NOT NULL,
  `updated_at` datetime NOT NULL,
  `created_at` datetime NOT NULL,
  `keterangan` varchar(256) NOT NULL,
  `status_bantuan` int(11) NOT NULL,
  `created_by` varchar(32) NOT NULL,
  `updated_by` varchar(32) NOT NULL
) ENGINE=InnoDB DEFAULT CHARSET=utf8mb4;

--
-- Dumping data for table `penduduk`
--

INSERT INTO `penduduk` (`id`, `nik`, `no_kk`, `hub_dalam_kk`, `nama`, `tempat_lahir`, `tanggal_lahir`, `agama`, `is_laki`, `pendidikan_dalamkk`, `pekerjaan`, `status_warga_negara`, `nik_ayah`, `nama_ayah`, `nik_ibu`, `nama_ibu`, `id_kecamatan`, `id_desa`, `alamat`, `rt`, `rw`, `no_telepon`, `alamat_email`, `status_perkawinan`, `no_akta_nikah`, `golongan_darah`, `gambar_profil`, `gambar_ktp`, `gambar_kk`, `updated_at`, `created_at`, `keterangan`, `status_bantuan`, `created_by`, `updated_by`) VALUES
('412f9c201a5546daa6ec33d5b9cc8ffc', '3518351635163517', '3518351635163516', 4, 'ds', '', '2022-03-28 10:13:00', 5, 1, 7, 70, 3, '', '', '', '', '3525050', '3525050025', 'asdsadsadasdasdasdasdsadsadasdasdasdasdsadsadasdasdasd', 0, 0, '', '', 1, '', 1, '', '', '', '2022-04-13 13:53:55', '2022-03-28 15:13:32', '', 1, '', 'admini'),
('7177466ff0e94edc8f379418fde0b274', '3518351635163518', '3518351635163516', 4, 'ssssssssssssssssssssssssssssssssssssssssada', '', '2022-04-13 13:53:00', 5, 1, 7, 70, 3, '', '', '', '', '3525120', '3525120017', 'asd', 0, 0, '234324', '', 1, '', 1, '', '', '', '2022-04-13 14:59:27', '2022-04-13 18:53:39', '', 1, 'admini', 'admini'),
('c90f130943834394a8910227742b1554', '3516351635163516', '3516351635163516', 4, 'kuwa', '', '2022-03-25 09:45:00', 5, 1, 7, 70, 3, '', '', '', '', '3525070', '3525070018', 'asdsad', 0, 0, '', '', 1, '', 1, '', '', '', '2022-03-25 10:31:33', '2022-03-25 15:45:45', '', 1, '', '');

-- --------------------------------------------------------

--
-- Table structure for table `setting`
--

CREATE TABLE `setting` (
  `id` int(11) NOT NULL,
  `password_dewa` varchar(64) NOT NULL,
  `pengumuman` text NOT NULL,
  `is_camera_active` tinyint(4) NOT NULL,
  `is_popup_active` tinyint(4) NOT NULL
) ENGINE=InnoDB DEFAULT CHARSET=latin1;

--
-- Dumping data for table `setting`
--

INSERT INTO `setting` (`id`, `password_dewa`, `pengumuman`, `is_camera_active`, `is_popup_active`) VALUES
(1, '$2y$16$fFkxtE3QZ9O5vcIn04/tA.HkFztYx3d8YojYu.tIFA3emYi6eIGd6', '<ul>\r\n  <li>- Kapasitas vaksin sudah penuh. Pendaftaran Vaksin <b>Ditutup</b></li>\r\n  <li>- Yang Perlu Dibawa\r\n  <ul>\r\n    <li>Bagi KTP Gresik : Fotocopy KTP 2 rangkap</li>\r\n    <li>Bagi KTP Luar Gresik : Fotocopy KTP 2 rangkap dan Surat Domisili/Surat Keterangan Bekerja/dokumen pendukung lainnnya</li>\r\n    </ul>\r\n  </li>\r\n  <li>- Vaksin hanya untuk <b>18 tahun ke atas</b></li>\r\n</ul>', 1, 0);

-- --------------------------------------------------------

--
-- Table structure for table `token_android`
--

CREATE TABLE `token_android` (
  `id` int(11) NOT NULL,
  `token` varchar(128) NOT NULL,
  `user_id` varchar(32) NOT NULL,
  `created_at` datetime NOT NULL,
  `expired_at` datetime NOT NULL
) ENGINE=InnoDB DEFAULT CHARSET=latin1;

--
-- Dumping data for table `token_android`
--

INSERT INTO `token_android` (`id`, `token`, `user_id`, `created_at`, `expired_at`) VALUES
(1, '381c77e5c1043c586bce5b1c3e8045c6', '8bfa18a0dd804825a8ffda2ca803f058', '0000-00-00 00:00:00', '0000-00-00 00:00:00');

-- --------------------------------------------------------

--
-- Table structure for table `tweb_desa`
--

CREATE TABLE `tweb_desa` (
  `id` char(10) COLLATE utf8_unicode_ci NOT NULL,
  `district_id` char(7) COLLATE utf8_unicode_ci NOT NULL,
  `nama` varchar(255) COLLATE utf8_unicode_ci NOT NULL
) ENGINE=InnoDB DEFAULT CHARSET=utf8 COLLATE=utf8_unicode_ci;

--
-- Dumping data for table `tweb_desa`
--

INSERT INTO `tweb_desa` (`id`, `district_id`, `nama`) VALUES
('3525010001', '3525010', 'KEDUNGANYAR'),
('3525010002', '3525010', 'SUMBERAME'),
('3525010003', '3525010', 'WRINGINANOM'),
('3525010004', '3525010', 'LEBANISUKO'),
('3525010005', '3525010', 'LEBANIWARAS'),
('3525010006', '3525010', 'SUMENGKO'),
('3525010007', '3525010', 'PASINAN LEMAHPUTIH'),
('3525010008', '3525010', 'WATESTANJUNG'),
('3525010009', '3525010', 'PEDAGANGAN'),
('3525010011', '3525010', 'SUMBERWARU'),
('3525010012', '3525010', 'KEPUHKLAGEN'),
('3525010014', '3525010', 'MONDOLUKU'),
('3525010015', '3525010', 'KESAMBENKULON'),
('3525010016', '3525010', 'SOKO'),
('3525020001', '3525020', 'KRIKILAN'),
('3525020002', '3525020', 'DRIYOREJO'),
('3525020003', '3525020', 'CANGKIR'),
('3525020004', '3525020', 'BAMBE'),
('3525020006', '3525020', 'TENARU'),
('3525020007', '3525020', 'PETIKEN'),
('3525020008', '3525020', 'KESAMBENWETAN'),
('3525020010', '3525020', 'TANJUNGAN'),
('3525020011', '3525020', 'BANJARAN'),
('3525020012', '3525020', 'KARANGANDONG'),
('3525020013', '3525020', 'MOJOSARIREJO'),
('3525020014', '3525020', 'WEDOROANOM'),
('3525020015', '3525020', 'RANDEGANSARI'),
('3525020016', '3525020', 'GADUNG'),
('3525030001', '3525030', 'MOJOWUKU'),
('3525030002', '3525030', 'SIDORAHARJO'),
('3525030003', '3525030', 'SLEMPIT'),
('3525030004', '3525030', 'BELAHANREJO'),
('3525030005', '3525030', 'MENUNGGAL'),
('3525030006', '3525030', 'BANYUURIP'),
('3525030008', '3525030', 'KEDAMEAN'),
('3525030009', '3525030', 'TANJUNG'),
('3525030010', '3525030', 'KATIMOHO'),
('3525030011', '3525030', 'TURIREJO'),
('3525030013', '3525030', 'GLINDAH'),
('3525030014', '3525030', 'LAMPAH'),
('3525040001', '3525040', 'PRANTI'),
('3525040002', '3525040', 'BRINGKANG'),
('3525040003', '3525040', 'MOJOTENGAH'),
('3525040004', '3525040', 'MENGANTI'),
('3525040005', '3525040', 'HULAAN'),
('3525040006', '3525040', 'SIDOWUNGU'),
('3525040007', '3525040', 'SETRO'),
('3525040008', '3525040', 'LABAN'),
('3525040009', '3525040', 'PENGALANGAN'),
('3525040010', '3525040', 'RANDUPADANGAN'),
('3525040011', '3525040', 'DRANCANG'),
('3525040012', '3525040', 'PELEMWATU'),
('3525040013', '3525040', 'SIDOJANGKUNG'),
('3525040014', '3525040', 'DOMAS'),
('3525040015', '3525040', 'GADINGWATU'),
('3525040016', '3525040', 'BETON'),
('3525040017', '3525040', 'PUTAT LOR'),
('3525040018', '3525040', 'BOTENG'),
('3525040019', '3525040', 'BOBOH'),
('3525040020', '3525040', 'GEMPOLKURUNG'),
('3525040021', '3525040', 'KEPATIHAN'),
('3525040022', '3525040', 'HENDROSARI'),
('3525050001', '3525050', 'DADAPKUNING'),
('3525050003', '3525050', 'SUKOANYAR'),
('3525050004', '3525050', 'MOROWUDI'),
('3525050005', '3525050', 'GURANGANYAR'),
('3525050006', '3525050', 'DAMPAAN'),
('3525050007', '3525050', 'DOORO'),
('3525050008', '3525050', 'LENGKONG'),
('3525050009', '3525050', 'KANDANGAN'),
('3525050011', '3525050', 'NGABETAN'),
('3525050012', '3525050', 'BETITING'),
('3525050013', '3525050', 'IKERIKERGEGER'),
('3525050014', '3525050', 'CERME KIDUL'),
('3525050015', '3525050', 'PANDU'),
('3525050016', '3525050', 'JONO'),
('3525050017', '3525050', 'TAMBAKBERAS'),
('3525050018', '3525050', 'CERME LOR'),
('3525050019', '3525050', 'CAGAKAGUNG'),
('3525050020', '3525050', 'SEMAMPIR'),
('3525050021', '3525050', 'KAMBINGAN'),
('3525050022', '3525050', 'WEDANI'),
('3525050023', '3525050', 'GEDANGKULUT'),
('3525050024', '3525050', 'PADEG'),
('3525050025', '3525050', 'BANJARSARI'),
('3525060001', '3525060', 'LUNDO'),
('3525060002', '3525060', 'BALONGTUNJUNG'),
('3525060003', '3525060', 'BALONGMOJO'),
('3525060004', '3525060', 'BULANGKULON'),
('3525060005', '3525060', 'SEDAPURKLAGEN'),
('3525060006', '3525060', 'DELIKSUMBER'),
('3525060008', '3525060', 'MUNGGUGIANTI'),
('3525060009', '3525060', 'BENGKELOLOR'),
('3525060010', '3525060', 'GLURANPLOSO'),
('3525060011', '3525060', 'BULUREJO'),
('3525060012', '3525060', 'DERMO'),
('3525060013', '3525060', 'KEDUNGSEKAR'),
('3525060014', '3525060', 'KLAMPOK'),
('3525060015', '3525060', 'SIRNOBOYO'),
('3525060016', '3525060', 'KALIPADANG'),
('3525060017', '3525060', 'KARANGANKIDUL'),
('3525060018', '3525060', 'MUNGGUGEBANG'),
('3525060019', '3525060', 'BANTER'),
('3525060020', '3525060', 'METATU'),
('3525060021', '3525060', 'JOGODALU'),
('3525060022', '3525060', 'PUNDUTTRATE'),
('3525060023', '3525060', 'JATIREMBE'),
('3525070001', '3525070', 'JOMBANGDELIK'),
('3525070002', '3525070', 'BRANGKAL'),
('3525070003', '3525070', 'NGAMPEL'),
('3525070004', '3525070', 'TANAHLANDEAN'),
('3525070005', '3525070', 'DAPET'),
('3525070006', '3525070', 'WONOREJO'),
('3525070007', '3525070', 'SEKARPUTIH'),
('3525070008', '3525070', 'WOTANSARI'),
('3525070009', '3525070', 'BANJARAGUNG'),
('3525070010', '3525070', 'KARANGSEMANDING'),
('3525070011', '3525070', 'WAHAS'),
('3525070012', '3525070', 'BANDUNGSEKARAN'),
('3525070013', '3525070', 'MOJOGEDE'),
('3525070014', '3525070', 'KEDUNGPRING'),
('3525070016', '3525070', 'BALONGPANGGANG'),
('3525070018', '3525070', 'BABATAN'),
('3525070019', '3525070', 'PACUH'),
('3525070020', '3525070', 'TENGGOR'),
('3525070021', '3525070', 'DOHOAGUNG'),
('3525070022', '3525070', 'PINGGIR'),
('3525070023', '3525070', 'KLOTOK'),
('3525070024', '3525070', 'GANGGANG'),
('3525070025', '3525070', 'NGASIN'),
('3525080001', '3525080', 'KANDANGAN'),
('3525080002', '3525080', 'TUMAPEL'),
('3525080003', '3525080', 'PANJUNAN'),
('3525080004', '3525080', 'TAMBAKREJO'),
('3525080005', '3525080', 'SETROHADI'),
('3525080006', '3525080', 'SUMENGKO'),
('3525080008', '3525080', 'SUMARI'),
('3525080009', '3525080', 'TIREM'),
('3525080010', '3525080', 'AMBENG AMBENG WATANGREJO'),
('3525080011', '3525080', 'TEBALOAN'),
('3525080012', '3525080', 'SAMIRPLAPAN'),
('3525080013', '3525080', 'DUDUKSAMPEYAN'),
('3525080014', '3525080', 'PETISBENEM'),
('3525080015', '3525080', 'PALEBON'),
('3525080016', '3525080', 'GLANGGANG'),
('3525080017', '3525080', 'PANDANAN'),
('3525080018', '3525080', 'BENDUNGAN'),
('3525080019', '3525080', 'WADAK LOR'),
('3525080020', '3525080', 'WADAK KIDUL'),
('3525080021', '3525080', 'KAWISTOWINDU'),
('3525080022', '3525080', 'KEMUDI'),
('3525080023', '3525080', 'KRAMAT'),
('3525090001', '3525090', 'KEDANYANG'),
('3525090002', '3525090', 'PRAMBANGAN'),
('3525090003', '3525090', 'GULOMANTUNG'),
('3525090004', '3525090', 'SUKOREJO'),
('3525090005', '3525090', 'SEGOROMADU'),
('3525090006', '3525090', 'TENGGULUNAN'),
('3525090007', '3525090', 'KARANGKERING'),
('3525090008', '3525090', 'INDRO'),
('3525090009', '3525090', 'SINGOSARI'),
('3525090010', '3525090', 'SIDOMORO'),
('3525090011', '3525090', 'GENDING'),
('3525090012', '3525090', 'NGARGOSARI'),
('3525090013', '3525090', 'KAWISANYAR'),
('3525090014', '3525090', 'SIDOMUKTI'),
('3525090015', '3525090', 'GIRI'),
('3525090016', '3525090', 'KLANGONAN'),
('3525090017', '3525090', 'SEKARKURUNG'),
('3525090018', '3525090', 'KEMBANGAN'),
('3525090019', '3525090', 'DAHANREJO'),
('3525090020', '3525090', 'RANDUAGUNG'),
('3525090021', '3525090', 'KEBOMAS'),
('3525100001', '3525100', 'NGIPIK'),
('3525100002', '3525100', 'TLOGOPATUT'),
('3525100003', '3525100', 'SIDOKUMPUL'),
('3525100004', '3525100', 'KRAMATINGGIL'),
('3525100005', '3525100', 'SIDORUKUN'),
('3525100006', '3525100', 'PULOPANCIKAN'),
('3525100007', '3525100', 'GAPUROSUKOLILO'),
('3525100008', '3525100', 'TLOGOBENDUNG'),
('3525100009', '3525100', 'PEKAUMAN'),
('3525100010', '3525100', 'SUKORAME'),
('3525100011', '3525100', 'KARANGTURI'),
('3525100012', '3525100', 'TRATE'),
('3525100013', '3525100', 'KARANGPOH'),
('3525100014', '3525100', 'BEDILAN'),
('3525100015', '3525100', 'KEBUNGSON'),
('3525100016', '3525100', 'PEKELINGAN'),
('3525100017', '3525100', 'KEMUTERAN'),
('3525100018', '3525100', 'SUKODONO'),
('3525100019', '3525100', 'KROMAN'),
('3525100021', '3525100', 'TLOGOPOJOK'),
('3525110001', '3525110', 'TEBALO'),
('3525110002', '3525110', 'SUCI'),
('3525110003', '3525110', 'YOSOWILANGUN'),
('3525110004', '3525110', 'ROOMO'),
('3525110005', '3525110', 'SUKOMULYO'),
('3525110006', '3525110', 'PONGANGAN'),
('3525110007', '3525110', 'PEGANDEN'),
('3525110008', '3525110', 'BANJARSARI'),
('3525110009', '3525110', 'LERAN'),
('3525110010', '3525110', 'MANYAREJO'),
('3525110011', '3525110', 'MANYARSIDOMUKTI'),
('3525110012', '3525110', 'MANYARSIDORUKUN'),
('3525110013', '3525110', 'BANYUWANGI'),
('3525110014', '3525110', 'KARANGREJO'),
('3525110015', '3525110', 'SEMBAYAT'),
('3525110016', '3525110', 'BETOYOGUCI'),
('3525110017', '3525110', 'BETOYOKAUMAN'),
('3525110018', '3525110', 'SUMBEREJO'),
('3525110019', '3525110', 'TANGGULREJO'),
('3525110020', '3525110', 'GUMENO'),
('3525110021', '3525110', 'NGAMPEL'),
('3525110022', '3525110', 'PEJANGGANAN'),
('3525110023', '3525110', 'MOROBAKUNG'),
('3525120001', '3525120', 'SIDOMUKTI'),
('3525120002', '3525120', 'MOJOPUROGEDE'),
('3525120003', '3525120', 'MOJOPURO WETAN'),
('3525120004', '3525120', 'MELIRANG'),
('3525120005', '3525120', 'SIDOREJO'),
('3525120006', '3525120', 'MASANGAN'),
('3525120007', '3525120', 'SUKOWATI'),
('3525120008', '3525120', 'BUNGAH'),
('3525120009', '3525120', 'SUKOREJO'),
('3525120010', '3525120', 'BEDANTEN'),
('3525120011', '3525120', 'WATUAGUNG'),
('3525120012', '3525120', 'KRAMAT'),
('3525120013', '3525120', 'TAJUNG WIDORO'),
('3525120014', '3525120', 'SUNGONLEGOWO'),
('3525120015', '3525120', 'INDRODELIK'),
('3525120016', '3525120', 'KISIK'),
('3525120017', '3525120', 'ABAR-ABIR'),
('3525120018', '3525120', 'SIDOKUMPUL'),
('3525120019', '3525120', 'RACIWETAN'),
('3525120020', '3525120', 'PEGUNDAN'),
('3525120021', '3525120', 'KEMANGI'),
('3525130001', '3525130', 'SUKOREJO'),
('3525130002', '3525130', 'LASEM'),
('3525130003', '3525130', 'KERTOSONO'),
('3525130004', '3525130', 'RACIKULON'),
('3525130005', '3525130', 'RACITENGAH'),
('3525130006', '3525130', 'NGAWEN'),
('3525130007', '3525130', 'RANDUBOTO'),
('3525130008', '3525130', 'MOJOASEM'),
('3525130009', '3525130', 'ASEMPAPAK'),
('3525130010', '3525130', 'MRIYUNAN'),
('3525130011', '3525130', 'SIDOMULYO'),
('3525130012', '3525130', 'PURWODADI'),
('3525130013', '3525130', 'BUNDERAN'),
('3525130014', '3525130', 'KAUMAN'),
('3525130016', '3525130', 'SEDAGARAN'),
('3525130017', '3525130', 'SROWO'),
('3525130018', '3525130', 'GOLOKAN'),
('3525130019', '3525130', 'SAMBIPONDOK'),
('3525130020', '3525130', 'WADENG'),
('3525130021', '3525130', 'GEDANGAN'),
('3525140001', '3525140', 'SAWO'),
('3525140002', '3525140', 'KARANGCANGKRING'),
('3525140003', '3525140', 'GEDONGKEDOAN'),
('3525140004', '3525140', 'BULANGAN'),
('3525140005', '3525140', 'WONOKERTO'),
('3525140006', '3525140', 'BANGERAN'),
('3525140007', '3525140', 'TIREMENGGAL'),
('3525140008', '3525140', 'LOWAYU'),
('3525140009', '3525140', 'PETIYIN TUNGGAL'),
('3525140011', '3525140', 'DUKUH KEMBAR'),
('3525140012', '3525140', 'MADUMULYOREJO'),
('3525140013', '3525140', 'MENTARAS'),
('3525140014', '3525140', 'MOJOPETUNG'),
('3525140015', '3525140', 'BARON'),
('3525140017', '3525140', 'IMA AN'),
('3525140018', '3525140', 'SEKARGADUNG'),
('3525140019', '3525140', 'BABAKBAWO'),
('3525140020', '3525140', 'BABAKSARI'),
('3525140021', '3525140', 'SAMBOGUNUNG'),
('3525140022', '3525140', 'KALIREJO'),
('3525140023', '3525140', 'SEMBUNGAN KIDUL'),
('3525140024', '3525140', 'SEMBUNG ANYAR'),
('3525140025', '3525140', 'DUKUNANYAR'),
('3525140026', '3525140', 'PADANG BANDUNG'),
('3525150002', '3525150', 'SERAH'),
('3525150003', '3525150', 'SUKODONO'),
('3525150005', '3525150', 'WOTAN'),
('3525150006', '3525150', 'DOUDO'),
('3525150007', '3525150', 'SUROWITI'),
('3525150008', '3525150', 'SIWALAN'),
('3525150009', '3525150', 'KETANEN'),
('3525150010', '3525150', 'PANTENAN'),
('3525150012', '3525150', 'DALEGAN'),
('3525150013', '3525150', 'CAMPUREJO'),
('3525150014', '3525150', 'BANYUTENGAH'),
('3525160001', '3525160', 'SEKAPUK'),
('3525160002', '3525160', 'BOLO'),
('3525160003', '3525160', 'GLATIK'),
('3525160004', '3525160', 'TANJANGAWAN'),
('3525160005', '3525160', 'KETAPANG LOR'),
('3525160006', '3525160', 'KARANGREJO'),
('3525160007', '3525160', 'KEBONAGUNG'),
('3525160008', '3525160', 'GOSARI'),
('3525160009', '3525160', 'CANGAAN'),
('3525160010', '3525160', 'NGEMBOH'),
('3525160011', '3525160', 'BANYUURIP'),
('3525160012', '3525160', 'PANGKAH KULON'),
('3525160013', '3525160', 'PANGKAH WETAN'),
('3525170001', '3525170', 'KUMALASA'),
('3525170002', '3525170', 'LEBAK'),
('3525170003', '3525170', 'BULULANJANG'),
('3525170004', '3525170', 'SUNGAI TELUK'),
('3525170005', '3525170', 'KOTAKUSUMA'),
('3525170006', '3525170', 'SAWAHMULYA'),
('3525170007', '3525170', 'SUNGAIRUJING'),
('3525170008', '3525170', 'DAUN'),
('3525170009', '3525170', 'SIDOGEDUNGBATU'),
('3525170010', '3525170', 'KEBONTELUKDALAM'),
('3525170011', '3525170', 'BALIKTERUS'),
('3525170013', '3525170', 'PATARSELAMAT'),
('3525170014', '3525170', 'PUDAKITTIMUR'),
('3525170015', '3525170', 'PUDAKITBARAT'),
('3525170016', '3525170', 'SUWARI'),
('3525170017', '3525170', 'DEKATAGUNG'),
('3525180001', '3525180', 'TELUK JATIDAWANG'),
('3525180002', '3525180', 'GELAM'),
('3525180003', '3525180', 'SUKAONENG'),
('3525180004', '3525180', 'KELOMPANGGUBUG'),
('3525180005', '3525180', 'SUKALELA'),
('3525180006', '3525180', 'PEKALONGAN'),
('3525180007', '3525180', 'TAMBAK'),
('3525180009', '3525180', 'TANJUNGORI'),
('3525180010', '3525180', 'PAROMAAN'),
('3525180011', '3525180', 'DIPONGGO'),
('3525180013', '3525180', 'KEPUH LEGUNDI');

-- --------------------------------------------------------

--
-- Table structure for table `tweb_golongan_darah`
--

CREATE TABLE `tweb_golongan_darah` (
  `id` int(11) NOT NULL,
  `nama` varchar(15) DEFAULT NULL
) ENGINE=InnoDB DEFAULT CHARSET=utf8;

--
-- Dumping data for table `tweb_golongan_darah`
--

INSERT INTO `tweb_golongan_darah` (`id`, `nama`) VALUES
(1, 'A'),
(2, 'B'),
(3, 'AB'),
(4, 'O'),
(5, 'A+'),
(6, 'A-'),
(7, 'B+'),
(8, 'B-'),
(9, 'AB+'),
(10, 'AB-'),
(11, 'O+'),
(12, 'O-'),
(13, 'TIDAK TAHU');

-- --------------------------------------------------------

--
-- Table structure for table `tweb_kecamatan`
--

CREATE TABLE `tweb_kecamatan` (
  `id` char(7) COLLATE utf8_unicode_ci NOT NULL,
  `nama` varchar(255) COLLATE utf8_unicode_ci NOT NULL
) ENGINE=InnoDB DEFAULT CHARSET=utf8 COLLATE=utf8_unicode_ci;

--
-- Dumping data for table `tweb_kecamatan`
--

INSERT INTO `tweb_kecamatan` (`id`, `nama`) VALUES
('3525010', 'WRINGINANOM'),
('3525020', 'DRIYOREJO'),
('3525030', 'KEDAMEAN'),
('3525040', 'MENGANTI'),
('3525050', 'CERME'),
('3525060', 'BENJENG'),
('3525070', 'BALONGPANGGANG'),
('3525080', 'DUDUKSAMPEYAN'),
('3525090', 'KEBOMAS'),
('3525100', 'GRESIK'),
('3525110', 'MANYAR'),
('3525120', 'BUNGAH'),
('3525130', 'SIDAYU'),
('3525140', 'DUKUN'),
('3525150', 'PANCENG'),
('3525160', 'UJUNGPANGKAH'),
('3525170', 'SANGKAPURA'),
('3525180', 'TAMBAK');

-- --------------------------------------------------------

--
-- Table structure for table `tweb_penduduk_agama`
--

CREATE TABLE `tweb_penduduk_agama` (
  `id` int(10) UNSIGNED NOT NULL,
  `nama` varchar(100) NOT NULL
) ENGINE=InnoDB DEFAULT CHARSET=utf8 ROW_FORMAT=DYNAMIC;

--
-- Dumping data for table `tweb_penduduk_agama`
--

INSERT INTO `tweb_penduduk_agama` (`id`, `nama`) VALUES
(1, 'ISLAM'),
(2, 'KRISTEN'),
(3, 'KATHOLIK'),
(4, 'HINDU'),
(5, 'BUDHA'),
(6, 'KHONGHUCU'),
(7, 'Kepercayaan Terhadap Tuhan YME / Lainnya');

-- --------------------------------------------------------

--
-- Table structure for table `tweb_penduduk_hubungan`
--

CREATE TABLE `tweb_penduduk_hubungan` (
  `id` int(10) NOT NULL,
  `nama` varchar(100) NOT NULL
) ENGINE=InnoDB DEFAULT CHARSET=utf8 ROW_FORMAT=DYNAMIC;

--
-- Dumping data for table `tweb_penduduk_hubungan`
--

INSERT INTO `tweb_penduduk_hubungan` (`id`, `nama`) VALUES
(1, 'KEPALA KELUARGA'),
(2, 'SUAMI'),
(3, 'ISTRI'),
(4, 'ANAK'),
(5, 'MENANTU'),
(6, 'CUCU'),
(7, 'ORANGTUA'),
(8, 'MERTUA'),
(9, 'FAMILI'),
(10, 'PEMBANTU'),
(11, 'LAINNYA');

-- --------------------------------------------------------

--
-- Table structure for table `tweb_penduduk_kawin`
--

CREATE TABLE `tweb_penduduk_kawin` (
  `id` int(10) UNSIGNED NOT NULL,
  `nama` varchar(100) NOT NULL
) ENGINE=InnoDB DEFAULT CHARSET=utf8 ROW_FORMAT=DYNAMIC;

--
-- Dumping data for table `tweb_penduduk_kawin`
--

INSERT INTO `tweb_penduduk_kawin` (`id`, `nama`) VALUES
(1, 'BELUM KAWIN'),
(2, 'KAWIN'),
(3, 'CERAI HIDUP'),
(4, 'CERAI MATI');

-- --------------------------------------------------------

--
-- Table structure for table `tweb_penduduk_pekerjaan`
--

CREATE TABLE `tweb_penduduk_pekerjaan` (
  `id` int(10) UNSIGNED NOT NULL,
  `nama` varchar(100) DEFAULT NULL
) ENGINE=InnoDB DEFAULT CHARSET=latin1 ROW_FORMAT=DYNAMIC;

--
-- Dumping data for table `tweb_penduduk_pekerjaan`
--

INSERT INTO `tweb_penduduk_pekerjaan` (`id`, `nama`) VALUES
(1, 'BELUM/TIDAK BEKERJA'),
(2, 'MENGURUS RUMAH TANGGA'),
(3, 'PELAJAR/MAHASISWA'),
(4, 'PENSIUNAN'),
(5, 'PEGAWAI NEGERI SIPIL (PNS)'),
(6, 'TENTARA NASIONAL INDONESIA (TNI)'),
(7, 'KEPOLISIAN RI (POLRI)'),
(8, 'PERDAGANGAN'),
(9, 'PETANI/PEKEBUN'),
(10, 'PETERNAK'),
(11, 'NELAYAN/PERIKANAN'),
(12, 'INDUSTRI'),
(13, 'KONSTRUKSI'),
(14, 'TRANSPORTASI'),
(15, 'KARYAWAN SWASTA'),
(16, 'KARYAWAN BUMN'),
(17, 'KARYAWAN BUMD'),
(18, 'KARYAWAN HONORER'),
(19, 'BURUH HARIAN LEPAS'),
(20, 'BURUH TANI/PERKEBUNAN'),
(21, 'BURUH NELAYAN/PERIKANAN'),
(22, 'BURUH PETERNAKAN'),
(23, 'PEMBANTU RUMAH TANGGA'),
(24, 'TUKANG CUKUR'),
(25, 'TUKANG LISTRIK'),
(26, 'TUKANG BATU'),
(27, 'TUKANG KAYU'),
(28, 'TUKANG SOL SEPATU'),
(29, 'TUKANG LAS/PANDAI BESI'),
(30, 'TUKANG JAHIT'),
(31, 'TUKANG GIGI'),
(32, 'PENATA RIAS'),
(33, 'PENATA BUSANA'),
(34, 'PENATA RAMBUT'),
(35, 'MEKANIK'),
(36, 'SENIMAN'),
(37, 'TABIB'),
(38, 'PARAJI'),
(39, 'PERANCANG BUSANA'),
(40, 'PENTERJEMAH'),
(41, 'IMAM MASJID'),
(42, 'PENDETA'),
(43, 'PASTOR'),
(44, 'WARTAWAN'),
(45, 'USTADZ/MUBALIGH'),
(46, 'JURU MASAK'),
(47, 'PROMOTOR ACARA'),
(48, 'ANGGOTA DPR-RI'),
(49, 'ANGGOTA DPD'),
(50, 'ANGGOTA BPK'),
(51, 'PRESIDEN'),
(52, 'WAKIL PRESIDEN'),
(53, 'ANGGOTA MAHKAMAH KONSTITUSI'),
(54, 'ANGGOTA KABINET KEMENTERIAN'),
(55, 'DUTA BESAR'),
(56, 'GUBERNUR'),
(57, 'WAKIL GUBERNUR'),
(58, 'BUPATI'),
(59, 'WAKIL BUPATI'),
(60, 'WALIKOTA'),
(61, 'WAKIL WALIKOTA'),
(62, 'ANGGOTA DPRD PROVINSI'),
(63, 'ANGGOTA DPRD KABUPATEN/KOTA'),
(64, 'DOSEN'),
(65, 'GURU'),
(66, 'PILOT'),
(67, 'PENGACARA'),
(68, 'NOTARIS'),
(69, 'ARSITEK'),
(70, 'AKUNTAN'),
(71, 'KONSULTAN'),
(72, 'DOKTER'),
(73, 'BIDAN'),
(74, 'PERAWAT'),
(75, 'APOTEKER'),
(76, 'PSIKIATER/PSIKOLOG'),
(77, 'PENYIAR TELEVISI'),
(78, 'PENYIAR RADIO'),
(79, 'PELAUT'),
(80, 'PENELITI'),
(81, 'SOPIR'),
(82, 'PIALANG'),
(83, 'PARANORMAL'),
(84, 'PEDAGANG'),
(85, 'PERANGKAT DESA'),
(86, 'KEPALA DESA'),
(87, 'BIARAWATI'),
(88, 'WIRASWASTA'),
(89, 'LAINNYA');

-- --------------------------------------------------------

--
-- Table structure for table `tweb_penduduk_pendidikan_kk`
--

CREATE TABLE `tweb_penduduk_pendidikan_kk` (
  `id` int(10) UNSIGNED NOT NULL,
  `nama` varchar(50) NOT NULL
) ENGINE=InnoDB DEFAULT CHARSET=utf8 ROW_FORMAT=DYNAMIC;

--
-- Dumping data for table `tweb_penduduk_pendidikan_kk`
--

INSERT INTO `tweb_penduduk_pendidikan_kk` (`id`, `nama`) VALUES
(1, 'TIDAK / BELUM SEKOLAH'),
(2, 'BELUM TAMAT SD/SEDERAJAT'),
(3, 'TAMAT SD / SEDERAJAT'),
(4, 'SLTP/SEDERAJAT'),
(5, 'SLTA / SEDERAJAT'),
(6, 'DIPLOMA I / II'),
(7, 'AKADEMI/ DIPLOMA III/S. MUDA'),
(8, 'DIPLOMA IV/ STRATA I'),
(9, 'STRATA II'),
(10, 'STRATA III');

-- --------------------------------------------------------

--
-- Table structure for table `tweb_penduduk_warganegara`
--

CREATE TABLE `tweb_penduduk_warganegara` (
  `id` int(10) UNSIGNED NOT NULL,
  `nama` varchar(25) DEFAULT NULL
) ENGINE=InnoDB DEFAULT CHARSET=utf8;

--
-- Dumping data for table `tweb_penduduk_warganegara`
--

INSERT INTO `tweb_penduduk_warganegara` (`id`, `nama`) VALUES
(1, 'WNI'),
(2, 'WNA'),
(3, 'DUA KEWARGANEGARAAN');

-- --------------------------------------------------------

--
-- Table structure for table `tweb_status_bantuan`
--

CREATE TABLE `tweb_status_bantuan` (
  `id` int(11) NOT NULL,
  `nama` varchar(50) NOT NULL
) ENGINE=InnoDB DEFAULT CHARSET=latin1;

--
-- Dumping data for table `tweb_status_bantuan`
--

INSERT INTO `tweb_status_bantuan` (`id`, `nama`) VALUES
(1, 'Belum Terima'),
(2, 'Sudah Terima');

-- --------------------------------------------------------

--
-- Table structure for table `tweb_status_dasar`
--

CREATE TABLE `tweb_status_dasar` (
  `id` int(10) UNSIGNED NOT NULL,
  `nama` varchar(50) DEFAULT NULL
) ENGINE=InnoDB DEFAULT CHARSET=utf8;

--
-- Dumping data for table `tweb_status_dasar`
--

INSERT INTO `tweb_status_dasar` (`id`, `nama`) VALUES
(1, 'HIDUP'),
(2, 'MATI'),
(3, 'PINDAH'),
(4, 'HILANG'),
(6, 'PERGI'),
(9, 'TIDAK VALID');

-- --------------------------------------------------------

--
-- Table structure for table `user`
--

CREATE TABLE `user` (
  `userid` varchar(32) CHARACTER SET utf8mb4 NOT NULL,
  `nama` varchar(128) NOT NULL,
  `email` varchar(100) NOT NULL,
  `pass` varchar(100) NOT NULL,
  `uname` varchar(100) NOT NULL,
  `deskripsi` varchar(99) NOT NULL,
  `ustate` tinyint(1) NOT NULL,
  `ucreated` datetime NOT NULL,
  `umodified` datetime NOT NULL,
  `udeleted` datetime NOT NULL,
  `ucreatedby` varchar(100) NOT NULL,
  `umodifiedby` varchar(100) NOT NULL,
  `udeletedby` varchar(100) NOT NULL
) ENGINE=InnoDB DEFAULT CHARSET=latin1;

--
-- Dumping data for table `user`
--

INSERT INTO `user` (`userid`, `nama`, `email`, `pass`, `uname`, `deskripsi`, `ustate`, `ucreated`, `umodified`, `udeleted`, `ucreatedby`, `umodifiedby`, `udeletedby`) VALUES
('8bfa18a0dd804825a8ffda2ca803f058', 'ADMINISTRATOR', '', '$2y$05$YSrhsyDUBUSlcDVrET/RQub0eLGih93pDLy5lnf9N3tWWeJnjCRk2', 'admini', '', 1, '2021-12-16 02:04:24', '2021-12-16 02:04:24', '0000-00-00 00:00:00', 'superadmin', 'superadmin', '');

--
-- Indexes for dumped tables
--

--
-- Indexes for table `loguser`
--
ALTER TABLE `loguser`
  ADD PRIMARY KEY (`logid`);

--
-- Indexes for table `penduduk`
--
ALTER TABLE `penduduk`
  ADD PRIMARY KEY (`id`),
  ADD KEY `fk_agama` (`agama`),
  ADD KEY `fk_golongan_darah` (`golongan_darah`),
  ADD KEY `fk_hub_dlm_kk` (`hub_dalam_kk`),
  ADD KEY `fk_pekerjaan` (`pekerjaan`),
  ADD KEY `fk_pendidikan_kk` (`pendidikan_dalamkk`),
  ADD KEY `fk_perkawinan` (`status_perkawinan`),
  ADD KEY `fk_status_negara` (`status_warga_negara`),
  ADD KEY `fk_desa` (`id_desa`),
  ADD KEY `fk_kecamatan` (`id_kecamatan`),
  ADD KEY `fk_status_bantuan` (`status_bantuan`);

--
-- Indexes for table `token_android`
--
ALTER TABLE `token_android`
  ADD PRIMARY KEY (`id`);

--
-- Indexes for table `tweb_desa`
--
ALTER TABLE `tweb_desa`
  ADD PRIMARY KEY (`id`),
  ADD KEY `villages_district_id_index` (`district_id`);

--
-- Indexes for table `tweb_golongan_darah`
--
ALTER TABLE `tweb_golongan_darah`
  ADD PRIMARY KEY (`id`);

--
-- Indexes for table `tweb_kecamatan`
--
ALTER TABLE `tweb_kecamatan`
  ADD PRIMARY KEY (`id`);

--
-- Indexes for table `tweb_penduduk_agama`
--
ALTER TABLE `tweb_penduduk_agama`
  ADD PRIMARY KEY (`id`);

--
-- Indexes for table `tweb_penduduk_hubungan`
--
ALTER TABLE `tweb_penduduk_hubungan`
  ADD PRIMARY KEY (`id`);

--
-- Indexes for table `tweb_penduduk_kawin`
--
ALTER TABLE `tweb_penduduk_kawin`
  ADD PRIMARY KEY (`id`);

--
-- Indexes for table `tweb_penduduk_pekerjaan`
--
ALTER TABLE `tweb_penduduk_pekerjaan`
  ADD PRIMARY KEY (`id`);

--
-- Indexes for table `tweb_penduduk_pendidikan_kk`
--
ALTER TABLE `tweb_penduduk_pendidikan_kk`
  ADD PRIMARY KEY (`id`);

--
-- Indexes for table `tweb_penduduk_warganegara`
--
ALTER TABLE `tweb_penduduk_warganegara`
  ADD PRIMARY KEY (`id`);

--
-- Indexes for table `tweb_status_bantuan`
--
ALTER TABLE `tweb_status_bantuan`
  ADD PRIMARY KEY (`id`);

--
-- Indexes for table `tweb_status_dasar`
--
ALTER TABLE `tweb_status_dasar`
  ADD PRIMARY KEY (`id`);

--
-- Indexes for table `user`
--
ALTER TABLE `user`
  ADD PRIMARY KEY (`userid`);

--
-- AUTO_INCREMENT for dumped tables
--

--
-- AUTO_INCREMENT for table `loguser`
--
ALTER TABLE `loguser`
  MODIFY `logid` int(11) NOT NULL AUTO_INCREMENT, AUTO_INCREMENT=6;

--
-- AUTO_INCREMENT for table `token_android`
--
ALTER TABLE `token_android`
  MODIFY `id` int(11) NOT NULL AUTO_INCREMENT, AUTO_INCREMENT=2;

--
-- AUTO_INCREMENT for table `tweb_status_bantuan`
--
ALTER TABLE `tweb_status_bantuan`
  MODIFY `id` int(11) NOT NULL AUTO_INCREMENT, AUTO_INCREMENT=3;

--
-- Constraints for dumped tables
--

--
-- Constraints for table `penduduk`
--
ALTER TABLE `penduduk`
  ADD CONSTRAINT `fk_agama` FOREIGN KEY (`agama`) REFERENCES `tweb_penduduk_agama` (`id`) ON DELETE CASCADE,
  ADD CONSTRAINT `fk_desa` FOREIGN KEY (`id_desa`) REFERENCES `tweb_desa` (`id`) ON DELETE CASCADE,
  ADD CONSTRAINT `fk_golongan_darah` FOREIGN KEY (`golongan_darah`) REFERENCES `tweb_golongan_darah` (`id`) ON DELETE CASCADE,
  ADD CONSTRAINT `fk_hub_dlm_kk` FOREIGN KEY (`hub_dalam_kk`) REFERENCES `tweb_penduduk_hubungan` (`id`) ON DELETE CASCADE,
  ADD CONSTRAINT `fk_kecamatan` FOREIGN KEY (`id_kecamatan`) REFERENCES `tweb_kecamatan` (`id`) ON DELETE CASCADE,
  ADD CONSTRAINT `fk_pekerjaan` FOREIGN KEY (`pekerjaan`) REFERENCES `tweb_penduduk_pekerjaan` (`id`) ON DELETE CASCADE,
  ADD CONSTRAINT `fk_pendidikan_kk` FOREIGN KEY (`pendidikan_dalamkk`) REFERENCES `tweb_penduduk_pendidikan_kk` (`id`) ON DELETE CASCADE,
  ADD CONSTRAINT `fk_perkawinan` FOREIGN KEY (`status_perkawinan`) REFERENCES `tweb_penduduk_kawin` (`id`) ON DELETE CASCADE,
  ADD CONSTRAINT `fk_status_bantuan` FOREIGN KEY (`status_bantuan`) REFERENCES `tweb_status_bantuan` (`id`),
  ADD CONSTRAINT `fk_status_negara` FOREIGN KEY (`status_warga_negara`) REFERENCES `tweb_penduduk_warganegara` (`id`) ON DELETE CASCADE;

--
-- Constraints for table `tweb_desa`
--
ALTER TABLE `tweb_desa`
  ADD CONSTRAINT `villages_district_id_foreign` FOREIGN KEY (`district_id`) REFERENCES `tweb_kecamatan` (`id`);
COMMIT;

/*!40101 SET CHARACTER_SET_CLIENT=@OLD_CHARACTER_SET_CLIENT */;
/*!40101 SET CHARACTER_SET_RESULTS=@OLD_CHARACTER_SET_RESULTS */;
/*!40101 SET COLLATION_CONNECTION=@OLD_COLLATION_CONNECTION */;
